{
  "last_updated": 1634139616,
  "ttl": 10,
  "version": "2.2",
  "data": {
    "stations": [
      {
        "station_id": "2303",
        "name": "Tempe",
        "address": "Tempevegen 22",
        "rental_uris": {
          "android": "trondheimbysykkel://stations/2303",
          "ios": "trondheimbysykkel://stations/2303"
        },
        "lat": 63.40772802863199,
        "lon": 10.39705323440262,
        "capacity": 21
      },
      {
        "station_id": "2302",
        "name": "Holtermanns veg 1",
        "address": "Holtermanns veg 1",
        "rental_uris": {
          "android": "trondheimbysykkel://stations/2302",
          "ios": "trondheimbysykkel://stations/2302"
        },
        "lat": 63.414746566093925,
        "lon": 10.397386363673064,
        "capacity": 15
      },
      {
        "station_id": "2301",
        "name": "Rosendal",
        "address": "Gamle Kongevei 50",
        "rental_uris": {
          "android": "trondheimbysykkel://stations/2301",
          "ios": "trondheimbysykkel://stations/2301"
        },
        "lat": 63.436025749373755,
        "lon": 10.430998463879718,
        "capacity": 24
      },
      {
        "station_id": "2258",
        "name": "St. Olavs Hospital",
        "address": "Olav Kyrres gate 17",
        "rental_uris": {
          "android": "trondheimbysykkel://stations/2258",
          "ios": "trondheimbysykkel://stations/2258"
        },
        "lat": 63.42126270770024,
        "lon": 10.386516005020496,
        "capacity": 18
      },
      {
        "station_id": "1885",
        "name": "Nova Kino",
        "address": "Olav Tryggvasons gate 10",
        "rental_uris": {
          "android": "trondheimbysykkel://stations/1885",
          "ios": "trondheimbysykkel://stations/1885"
        },
        "lat": 63.433484210997506,
        "lon": 10.401003547649282,
        "capacity": 18
      },
      {
        "station_id": "1884",
        "name": "Lade Idrettsanlegg øst",
        "address": "Haakon VIIs gate 60",
        "rental_uris": {
          "android": "trondheimbysykkel://stations/1884",
          "ios": "trondheimbysykkel://stations/1884"
        },
        "lat": 63.44392020314541,
        "lon": 10.450038946779586,
        "capacity": 24
      },
      {
        "station_id": "1883",
        "name": "Baldershage",
        "address": "Baldershage 5",
        "rental_uris": {
          "android": "trondheimbysykkel://stations/1883",
          "ios": "trondheimbysykkel://stations/1883"
        },
        "lat": 63.43041841665695,
        "lon": 10.453692362062128,
        "capacity": 21
      },
      {
        "station_id": "1882",
        "name": "Lilleby",
        "address": "Dakota 1",
        "rental_uris": {
          "android": "trondheimbysykkel://stations/1882",
          "ios": "trondheimbysykkel://stations/1882"
        },
        "lat": 63.44178275700753,
        "lon": 10.439477124178211,
        "capacity": 26
      },
      {
        "station_id": "1881",
        "name": "Sluppen",
        "address": "Sluppenvegen 25",
        "rental_uris": {
          "android": "trondheimbysykkel://stations/1881",
          "ios": "trondheimbysykkel://stations/1881"
        },
        "lat": 63.39840743943492,
        "lon": 10.397326759331094,
        "capacity": 22
      },
      {
        "station_id": "1879",
        "name": "Ilsvika",
        "address": "Ilsvikveien 18",
        "rental_uris": {
          "android": "trondheimbysykkel://stations/1879",
          "ios": "trondheimbysykkel://stations/1879"
        },
        "lat": 63.43134569132937,
        "lon": 10.357376400282561,
        "capacity": 12
      },
      {
        "station_id": "1878",
        "name": "Idrettsbygget Gløshaugen",
        "address": "Christian Frederiks gate 20",
        "rental_uris": {
          "android": "trondheimbysykkel://stations/1878",
          "ios": "trondheimbysykkel://stations/1878"
        },
        "lat": 63.42078238303412,
        "lon": 10.404757641464101,
        "capacity": 18
      },
      {
        "station_id": "293",
        "name": "S. P. Andersens vei",
        "address": "S. P. Andersens vei",
        "rental_uris": {
          "android": "trondheimbysykkel://stations/293",
          "ios": "trondheimbysykkel://stations/293"
        },
        "lat": 63.409888448864876,
        "lon": 10.405212902563903,
        "capacity": 17
      },
      {
        "station_id": "268",
        "name": "Ilabekken",
        "address": "Mellomila",
        "rental_uris": {
          "android": "trondheimbysykkel://stations/268",
          "ios": "trondheimbysykkel://stations/268"
        },
        "lat": 63.43113993937705,
        "lon": 10.364739741803078,
        "capacity": 24
      },
      {
        "station_id": "236",
        "name": "Lade idrettsanlegg vest",
        "address": "Haakon VII gate 3",
        "rental_uris": {
          "android": "trondheimbysykkel://stations/236",
          "ios": "trondheimbysykkel://stations/236"
        },
        "lat": 63.44596413856424,
        "lon": 10.444293346970085,
        "capacity": 30
      },
      {
        "station_id": "180",
        "name": "Berg Studentby",
        "address": "Dybdahls veg 2A",
        "rental_uris": {
          "android": "trondheimbysykkel://stations/180",
          "ios": "trondheimbysykkel://stations/180"
        },
        "lat": 63.41364157249073,
        "lon": 10.414855613044438,
        "capacity": 13
      },
      {
        "station_id": "177",
        "name": "Kristiansten",
        "address": "Festninggata 34",
        "rental_uris": {
          "android": "trondheimbysykkel://stations/177",
          "ios": "trondheimbysykkel://stations/177"
        },
        "lat": 63.42593349677826,
        "lon": 10.41660167758505,
        "capacity": 27
      },
      {
        "station_id": "175",
        "name": "Torvet I",
        "address": "Kongensgate 15",
        "rental_uris": {
          "android": "trondheimbysykkel://stations/175",
          "ios": "trondheimbysykkel://stations/175"
        },
        "lat": 63.43051170410531,
        "lon": 10.392764550201036,
        "capacity": 15
      },
      {
        "station_id": "155",
        "name": "Kong Øysteins veg",
        "address": "",
        "rental_uris": {
          "android": "trondheimbysykkel://stations/155",
          "ios": "trondheimbysykkel://stations/155"
        },
        "lat": 63.42066281516962,
        "lon": 10.437347828255156,
        "capacity": 25
      },
      {
        "station_id": "148",
        "name": "Fjordgata",
        "address": "Fjordgata 16",
        "rental_uris": {
          "android": "trondheimbysykkel://stations/148",
          "ios": "trondheimbysykkel://stations/148"
        },
        "lat": 63.43483884684911,
        "lon": 10.403396522008734,
        "capacity": 24
      },
      {
        "station_id": "47",
        "name": "Ilaparken",
        "address": "Illevollen",
        "rental_uris": {
          "android": "trondheimbysykkel://stations/47",
          "ios": "trondheimbysykkel://stations/47"
        },
        "lat": 63.429289773431165,
        "lon": 10.369248388233245,
        "capacity": 13
      },
      {
        "station_id": "4",
        "name": "Dalen hageby",
        "address": "Håkon Magnussons gate 1A",
        "rental_uris": {
          "android": "trondheimbysykkel://stations/4",
          "ios": "trondheimbysykkel://stations/4"
        },
        "lat": 63.43757529885024,
        "lon": 10.44872760772705,
        "capacity": 18
      },
      {
        "station_id": "10",
        "name": "Sorgenfri",
        "address": "Sorgenfriveien 7",
        "rental_uris": {
          "android": "trondheimbysykkel://stations/10",
          "ios": "trondheimbysykkel://stations/10"
        },
        "lat": 63.40489658467209,
        "lon": 10.399461013433495,
        "capacity": 12
      },
      {
        "station_id": "95",
        "name": "Trikkestallen på Lademoen",
        "address": "Mellomveien 13",
        "rental_uris": {
          "android": "trondheimbysykkel://stations/95",
          "ios": "trondheimbysykkel://stations/95"
        },
        "lat": 63.4387315071045,
        "lon": 10.430732667446136,
        "capacity": 24
      },
      {
        "station_id": "65",
        "name": "Strandveikaia",
        "address": "Stiklestadveien 1",
        "rental_uris": {
          "android": "trondheimbysykkel://stations/65",
          "ios": "trondheimbysykkel://stations/65"
        },
        "lat": 63.44208952370503,
        "lon": 10.427939146757126,
        "capacity": 15
      },
      {
        "station_id": "110",
        "name": "Valentinlyst",
        "address": "Olav Magnussons veg 9",
        "rental_uris": {
          "android": "trondheimbysykkel://stations/110",
          "ios": "trondheimbysykkel://stations/110"
        },
        "lat": 63.42545389268059,
        "lon": 10.441064536571503,
        "capacity": 24
      },
      {
        "station_id": "97",
        "name": "Håkon VIIs gate 8-10",
        "address": "Håkon VIIs gate 10",
        "rental_uris": {
          "android": "trondheimbysykkel://stations/97",
          "ios": "trondheimbysykkel://stations/97"
        },
        "lat": 63.44073437153156,
        "lon": 10.4596146941185,
        "capacity": 24
      },
      {
        "station_id": "89",
        "name": "Tyholttårnet",
        "address": "Otto Nielsens vei 4",
        "rental_uris": {
          "android": "trondheimbysykkel://stations/89",
          "ios": "trondheimbysykkel://stations/89"
        },
        "lat": 63.42225473306107,
        "lon": 10.42776882648468,
        "capacity": 32
      },
      {
        "station_id": "16",
        "name": "Rosenborg skole",
        "address": "Stadsings Dahls gate 4B",
        "rental_uris": {
          "android": "trondheimbysykkel://stations/16",
          "ios": "trondheimbysykkel://stations/16"
        },
        "lat": 63.428597647344375,
        "lon": 10.416186667604165,
        "capacity": 26
      },
      {
        "station_id": "56",
        "name": "Falkenborg",
        "address": "Falkenborgveien / Blomstadvegen",
        "rental_uris": {
          "android": "trondheimbysykkel://stations/56",
          "ios": "trondheimbysykkel://stations/56"
        },
        "lat": 63.4362775074396,
        "lon": 10.45697271823883,
        "capacity": 30
      },
      {
        "station_id": "94",
        "name": "Gløshaugen",
        "address": "Høyskoleveien",
        "rental_uris": {
          "android": "trondheimbysykkel://stations/94",
          "ios": "trondheimbysykkel://stations/94"
        },
        "lat": 63.41939366673445,
        "lon": 10.403602123260498,
        "capacity": 30
      },
      {
        "station_id": "18",
        "name": "Møllenberg",
        "address": "Innherredsveien",
        "rental_uris": {
          "android": "trondheimbysykkel://stations/18",
          "ios": "trondheimbysykkel://stations/18"
        },
        "lat": 63.4358846800558,
        "lon": 10.419401004910469,
        "capacity": 15
      },
      {
        "station_id": "1",
        "name": "Dokkparken",
        "address": "Innherredsveien 16A",
        "rental_uris": {
          "android": "trondheimbysykkel://stations/1",
          "ios": "trondheimbysykkel://stations/1"
        },
        "lat": 63.433509009133566,
        "lon": 10.411412715911865,
        "capacity": 43
      },
      {
        "station_id": "43",
        "name": "Klostergata",
        "address": "Klostergata 37B",
        "rental_uris": {
          "android": "trondheimbysykkel://stations/43",
          "ios": "trondheimbysykkel://stations/43"
        },
        "lat": 63.423087556928024,
        "lon": 10.38932740688324,
        "capacity": 24
      },
      {
        "station_id": "74",
        "name": "Erling Skakkes gate",
        "address": "Erling skakkes gate 1",
        "rental_uris": {
          "android": "trondheimbysykkel://stations/74",
          "ios": "trondheimbysykkel://stations/74"
        },
        "lat": 63.42889745011402,
        "lon": 10.39928913116455,
        "capacity": 27
      },
      {
        "station_id": "29",
        "name": "Singsaker",
        "address": "Rogerts gate 1",
        "rental_uris": {
          "android": "trondheimbysykkel://stations/29",
          "ios": "trondheimbysykkel://stations/29"
        },
        "lat": 63.423121157383235,
        "lon": 10.412453413009644,
        "capacity": 25
      },
      {
        "station_id": "123",
        "name": "Hesthagen",
        "address": "Klæbuveien 55",
        "rental_uris": {
          "android": "trondheimbysykkel://stations/123",
          "ios": "trondheimbysykkel://stations/123"
        },
        "lat": 63.41541842278556,
        "lon": 10.399565398693085,
        "capacity": 24
      },
      {
        "station_id": "46",
        "name": "Nidarø",
        "address": "Klostergata 90",
        "rental_uris": {
          "android": "trondheimbysykkel://stations/46",
          "ios": "trondheimbysykkel://stations/46"
        },
        "lat": 63.42646180597998,
        "lon": 10.37818819284439,
        "capacity": 21
      },
      {
        "station_id": "20",
        "name": "Nordre gate ",
        "address": "Nordre gate 23",
        "rental_uris": {
          "android": "trondheimbysykkel://stations/20",
          "ios": "trondheimbysykkel://stations/20"
        },
        "lat": 63.433085554043984,
        "lon": 10.397391468286514,
        "capacity": 37
      },
      {
        "station_id": "9",
        "name": "Brattørkaia",
        "address": "Brattørkaia 17B",
        "rental_uris": {
          "android": "trondheimbysykkel://stations/9",
          "ios": "trondheimbysykkel://stations/9"
        },
        "lat": 63.43740318294613,
        "lon": 10.39729356765747,
        "capacity": 19
      },
      {
        "station_id": "107",
        "name": "Pirbadet",
        "address": "Brattørkaia 1",
        "rental_uris": {
          "android": "trondheimbysykkel://stations/107",
          "ios": "trondheimbysykkel://stations/107"
        },
        "lat": 63.44075835708318,
        "lon": 10.402169823646545,
        "capacity": 36
      },
      {
        "station_id": "128",
        "name": "Lillegårdsbakken",
        "address": "Lillegårdsbakken 8",
        "rental_uris": {
          "android": "trondheimbysykkel://stations/128",
          "ios": "trondheimbysykkel://stations/128"
        },
        "lat": 63.42629161886643,
        "lon": 10.404109150403997,
        "capacity": 21
      },
      {
        "station_id": "108",
        "name": "Bassengbakken",
        "address": "Dyre Halses 1",
        "rental_uris": {
          "android": "trondheimbysykkel://stations/108",
          "ios": "trondheimbysykkel://stations/108"
        },
        "lat": 63.43592006472795,
        "lon": 10.414788275957108,
        "capacity": 30
      },
      {
        "station_id": "86",
        "name": "Lerkendal",
        "address": "Klæbuveien 125",
        "rental_uris": {
          "android": "trondheimbysykkel://stations/86",
          "ios": "trondheimbysykkel://stations/86"
        },
        "lat": 63.412525462202666,
        "lon": 10.40068656206131,
        "capacity": 21
      },
      {
        "station_id": "30",
        "name": "St Olavs gate",
        "address": "Prinsens gate 44",
        "rental_uris": {
          "android": "trondheimbysykkel://stations/30",
          "ios": "trondheimbysykkel://stations/30"
        },
        "lat": 63.431170931099416,
        "lon": 10.390283614397049,
        "capacity": 31
      },
      {
        "station_id": "109",
        "name": "Torvet II",
        "address": "Kongens gate 9",
        "rental_uris": {
          "android": "trondheimbysykkel://stations/109",
          "ios": "trondheimbysykkel://stations/109"
        },
        "lat": 63.430470910132236,
        "lon": 10.393931418657303,
        "capacity": 20
      },
      {
        "station_id": "14",
        "name": "Nidarosdomen",
        "address": "Prinsens gate 1",
        "rental_uris": {
          "android": "trondheimbysykkel://stations/14",
          "ios": "trondheimbysykkel://stations/14"
        },
        "lat": 63.42764485898629,
        "lon": 10.394589900970459,
        "capacity": 15
      },
      {
        "station_id": "62",
        "name": "Kalvskinnet",
        "address": "Erling Skakkes gate 47A",
        "rental_uris": {
          "android": "trondheimbysykkel://stations/62",
          "ios": "trondheimbysykkel://stations/62"
        },
        "lat": 63.42792321730192,
        "lon": 10.389504432678223,
        "capacity": 25
      },
      {
        "station_id": "92",
        "name": "Dora I",
        "address": "Maskinistgata 1",
        "rental_uris": {
          "android": "trondheimbysykkel://stations/92",
          "ios": "trondheimbysykkel://stations/92"
        },
        "lat": 63.43853720980968,
        "lon": 10.419105291366577,
        "capacity": 24
      },
      {
        "station_id": "76",
        "name": "Ilevollen",
        "address": "Ilevollen/Osloveien",
        "rental_uris": {
          "android": "trondheimbysykkel://stations/76",
          "ios": "trondheimbysykkel://stations/76"
        },
        "lat": 63.42907021700727,
        "lon": 10.37181057035923,
        "capacity": 17
      },
      {
        "station_id": "31",
        "name": "Tollboden ",
        "address": "Havnegata",
        "rental_uris": {
          "android": "trondheimbysykkel://stations/31",
          "ios": "trondheimbysykkel://stations/31"
        },
        "lat": 63.43928560696555,
        "lon": 10.40479302406311,
        "capacity": 21
      },
      {
        "station_id": "133",
        "name": "Høyskoleringen",
        "address": "Sem Sælands vei 2",
        "rental_uris": {
          "android": "trondheimbysykkel://stations/133",
          "ios": "trondheimbysykkel://stations/133"
        },
        "lat": 63.41690080192888,
        "lon": 10.406886488199234,
        "capacity": 30
      },
      {
        "station_id": "51",
        "name": "Skansen",
        "address": "Kongens gate 99",
        "rental_uris": {
          "android": "trondheimbysykkel://stations/51",
          "ios": "trondheimbysykkel://stations/51"
        },
        "lat": 63.430403126559675,
        "lon": 10.37476971745491,
        "capacity": 22
      },
      {
        "station_id": "28",
        "name": "Kongens gate",
        "address": "Kongens gate 14B",
        "rental_uris": {
          "android": "trondheimbysykkel://stations/28",
          "ios": "trondheimbysykkel://stations/28"
        },
        "lat": 63.43045711348886,
        "lon": 10.398100912570953,
        "capacity": 19
      },
      {
        "station_id": "44",
        "name": "Prinsen kinosenter",
        "address": "Prinsens gate 2A",
        "rental_uris": {
          "android": "trondheimbysykkel://stations/44",
          "ios": "trondheimbysykkel://stations/44"
        },
        "lat": 63.42663458755783,
        "lon": 10.392784774303436,
        "capacity": 31
      },
      {
        "station_id": "41",
        "name": "Vollabakken ",
        "address": "Klostergata 1",
        "rental_uris": {
          "android": "trondheimbysykkel://stations/41",
          "ios": "trondheimbysykkel://stations/41"
        },
        "lat": 63.42186711370097,
        "lon": 10.399269014596939,
        "capacity": 24
      },
      {
        "station_id": "45",
        "name": "Studentersamfundet",
        "address": "Elgesetergate 2",
        "rental_uris": {
          "android": "trondheimbysykkel://stations/45",
          "ios": "trondheimbysykkel://stations/45"
        },
        "lat": 63.42185871322338,
        "lon": 10.39451614022255,
        "capacity": 31
      },
      {
        "station_id": "55",
        "name": "Finalebanen",
        "address": "Erling Skjalgsons gate 1",
        "rental_uris": {
          "android": "trondheimbysykkel://stations/55",
          "ios": "trondheimbysykkel://stations/55"
        },
        "lat": 63.41978492000792,
        "lon": 10.39221078157425,
        "capacity": 12
      },
      {
        "station_id": "118",
        "name": "Abels gate",
        "address": "Professor Brochs gate 2",
        "rental_uris": {
          "android": "trondheimbysykkel://stations/118",
          "ios": "trondheimbysykkel://stations/118"
        },
        "lat": 63.41614341778847,
        "lon": 10.396314561367035,
        "capacity": 25
      },
      {
        "station_id": "105",
        "name": "Trondheim S",
        "address": "Sjøgangen 4",
        "rental_uris": {
          "android": "trondheimbysykkel://stations/105",
          "ios": "trondheimbysykkel://stations/105"
        },
        "lat": 63.43605560561,
        "lon": 10.399405807256699,
        "capacity": 37
      },
      {
        "station_id": "85",
        "name": "TMV-odden",
        "address": "Beddingen 14",
        "rental_uris": {
          "android": "trondheimbysykkel://stations/85",
          "ios": "trondheimbysykkel://stations/85"
        },
        "lat": 63.43543547761132,
        "lon": 10.410492258537431,
        "capacity": 31
      },
      {
        "station_id": "21",
        "name": "Bakke bru",
        "address": "Nedre Bakklandet 60",
        "rental_uris": {
          "android": "trondheimbysykkel://stations/21",
          "ios": "trondheimbysykkel://stations/21"
        },
        "lat": 63.43225182105721,
        "lon": 10.406996458768845,
        "capacity": 16
      },
      {
        "station_id": "52",
        "name": "Bakklandet",
        "address": "Øvre Bakklandet 66",
        "rental_uris": {
          "android": "trondheimbysykkel://stations/52",
          "ios": "trondheimbysykkel://stations/52"
        },
        "lat": 63.427896581278105,
        "lon": 10.403341750766884,
        "capacity": 26
      },
      {
        "station_id": "126",
        "name": "Leutenhaven",
        "address": "Kongens gate 19",
        "rental_uris": {
          "android": "trondheimbysykkel://stations/126",
          "ios": "trondheimbysykkel://stations/126"
        },
        "lat": 63.42994558007871,
        "lon": 10.391905842869932,
        "capacity": 28
      },
      {
        "station_id": "66",
        "name": "Verftsbrua",
        "address": "Havnegata 1",
        "rental_uris": {
          "android": "trondheimbysykkel://stations/66",
          "ios": "trondheimbysykkel://stations/66"
        },
        "lat": 63.43527713641004,
        "lon": 10.405813604593277,
        "capacity": 13
      },
      {
        "station_id": "6",
        "name": "Lademoparken",
        "address": "Innherredsveien 61F",
        "rental_uris": {
          "android": "trondheimbysykkel://stations/6",
          "ios": "trondheimbysykkel://stations/6"
        },
        "lat": 63.43660495943216,
        "lon": 10.425844341516495,
        "capacity": 25
      },
      {
        "station_id": "25",
        "name": "Thornesparken ",
        "address": "Nonnegata 3",
        "rental_uris": {
          "android": "trondheimbysykkel://stations/25",
          "ios": "trondheimbysykkel://stations/25"
        },
        "lat": 63.43289961569575,
        "lon": 10.412772931158543,
        "capacity": 24
      }
    ]
  }
}
